{"type": "btc", "txhash": "7a70a9876526791eaceb391dc9a77efd00ed25253c1d34dd34843ea4116954b5", "time": "2018-01-13 04:29:26+08:00", "suspect_from": [], "suspect_to": ["1Lf4uEkkb12rQrL1MXuNWgtBzWqvX13VQN"]}
{"type": "btc", "txhash": "b157d3a4868c2fda46f411add564aa85f6cb005221366c4b2e372ec7928a8a4f", "time": "2018-01-13 04:29:26+08:00", "suspect_from": [], "suspect_to": ["123RU6naJRRfU4wA6LHhGmdXBBSda9XmDu"]}
{"type": "btc", "txhash": "355b06a8656779d1f658eafa4f57c287ddd8eb42e513079f976e59bae68a7f14", "time": "2018-01-13 04:29:26+08:00", "suspect_from": ["185MSqTdg13Dqw3DXRb1MezyG14cPkz1jw"], "suspect_to": []}
{"type": "btc", "txhash": "b2ec97b03e9c93580aa1c11d9a7749310113c51ec47143f8954a12c18ce7cd56", "time": "2018-01-13 04:29:26+08:00", "suspect_from": ["14rBhmpN83XYLmBaAb3MmLW4Y7jctqhLbz"], "suspect_to": ["1HpmSpAtUCBGbjbZcMncXZspPTveYu5odE"]}
{"type": "btc", "txhash": "59dca1020ff1f15f37fcb69782701292a48a32d2b87b47afebbad5644d385457", "time": "2018-01-13 04:29:26+08:00", "suspect_from": ["1Pxg9QCFrAxjuM6ZdUwFSMf61zctCET5qX"], "suspect_to": []}
{"type": "btc", "txhash": "07767b5a522a25de2670a4f7b2bc1dedef6c5138ca4fba39e264e3c98815ecbc", "time": "2018-01-13 04:29:26+08:00", "suspect_from": [], "suspect_to": ["15LoN1rcWP4anY46MvdLDodsvk8yzryuL2"]}
{"type": "btc", "txhash": "ee5bcd04e4a573b1903de9d2ae3b43fc1488bea78eb3e5aee364e9c912309f98", "time": "2018-01-13 04:29:26+08:00", "suspect_from": [], "suspect_to": ["1F9tkR4cMjtsgQi5WPKvPAsu7dExmR6iTY"]}
{"type": "btc", "txhash": "e8bde6049991063a33939833b934f4b230c26d1e4fe7ddbc15387c7c6d318cc9", "time": "2018-01-13 04:29:26+08:00", "suspect_from": ["1KB7DFuYAt1N32v6z7tyY8FNT1tnep1Xk8"], "suspect_to": []}
{"type": "btc", "txhash": "6b027c3a72bdad8e1c1f23d7bc2091b96ed13ed976bac446e7669b17cab2e328", "time": "2018-01-13 04:29:26+08:00", "suspect_from": ["16qEQd8MPxeApi5pvkuPm7HVGD1ay34hyG"], "suspect_to": []}
{"type": "btc", "txhash": "90aecdbcb0b31a4292e0fd5d3248af3da41df078c38e701aa51f622f524c954d", "time": "2018-01-13 04:29:26+08:00", "suspect_from": ["1LetW7rEjQWsvFQbFYg8Nw4r9GwiV2Gmwj"], "suspect_to": []}
{"type": "btc", "txhash": "621b02a08887c7d67c29e89192f79b76ff40370ced6393ebaa9fdde52210016f", "time": "2018-01-13 04:29:26+08:00", "suspect_from": ["19rgVP81izxfoK8uuZqqmDAhwLCWAnEAJK"], "suspect_to": []}
{"type": "btc", "txhash": "9df8635c663903bd74c09d46c4287c9facd6171f65d9488070c76698c0bdf077", "time": "2018-01-13 04:29:26+08:00", "suspect_from": ["1CH7S1zf6FZUaTjhph1buEkLiLYzxQUFsQ"], "suspect_to": []}
{"type": "btc", "txhash": "ebe40feb1716e1ba12ef3c838c58094af80d32318c920d2b6bd40a0120695b9c", "time": "2018-01-13 04:29:26+08:00", "suspect_from": [], "suspect_to": ["1MCqoBvLmVZH3iJDXDNtdN3DJLZVWpv16N"]}
{"type": "btc", "txhash": "50d0b19d7bce1abfc3a0e31e1adc7c56edefb5002683d0aadc8c86cb28bb8ba7", "time": "2018-01-13 04:29:26+08:00", "suspect_from": [], "suspect_to": ["12QREDVLaA3VMDWD1MA2hw9PCBDf3hJjcP"]}
{"type": "btc", "txhash": "4985dfe35c4f0a1416da8b07c7ed357b42c11bc045a0911d243ef4a66bc9ebcc", "time": "2018-01-13 04:29:26+08:00", "suspect_from": ["1Q7sE2fGGKBRcqVWR6Lt4RSpzpG7EYA6tY"], "suspect_to": []}
{"type": "btc", "txhash": "1c5e486326644c6b0e53c75aa3b9e9a12a7b9feedb3ae7a0034025b094013dff", "time": "2018-01-13 04:29:26+08:00", "suspect_from": ["1D9sxxiV9fkgJTxhXN7skWUASaC2jtMYEe"], "suspect_to": []}
{"type": "btc", "txhash": "28fd8a4c401b24bcbfff7b069be67794555ea2805eb9a812c8475d0761de0f92", "time": "2018-01-13 04:29:26+08:00", "suspect_from": [], "suspect_to": ["1N52wHoVR79PMDishab2XmRHsbekCdGquK"]}
{"type": "btc", "txhash": "20e57b18d45ef726995096a1fb1ef990ff4595bcc5c3ea198e832a397d75bab7", "time": "2018-01-13 04:29:26+08:00", "suspect_from": [], "suspect_to": ["3NGTpXPjHCFPKMBUCurCRP7DzaTn92aFYD"]}
{"type": "btc", "txhash": "549557d28766f4092006163d9c911a10b16dcf31d88ff69bf6bb6204e841a750", "time": "2018-01-13 04:29:26+08:00", "suspect_from": [], "suspect_to": ["3HZtzyFk25EqiCu9vpKMGauX8rBNMEiX4D"]}
{"type": "btc", "txhash": "3d537d33be38b469b6dc20c009a72d3e11d599518d89d9d727b717fdab11deed", "time": "2018-01-13 04:29:26+08:00", "suspect_from": [], "suspect_to": ["1Kx9M9NGWg9xoTMPj32VUrQ75VL6L3ALA5"]}
{"type": "btc", "txhash": "e2c63b9b237da5f4eac7518f995a7fb04f094b9ed78830764e482ac8baec4bb1", "time": "2018-01-13 04:29:26+08:00", "suspect_from": ["17qz295x8CvehHpybwdikWM45B4bAoVnNA"], "suspect_to": []}
{"type": "btc", "txhash": "272a75fcfe22036abcd39a6d0b6a01c533784e45de92b21ac01f722ca6f844d2", "time": "2018-01-13 05:01:45+08:00", "suspect_from": ["39YY7qkJREi3yp29RdyhsPoscfR6PqLMWT"], "suspect_to": []}
{"type": "btc", "txhash": "8fd1dbf545671102451da44ff29d925de4a6b1bbc0d1c8eab9d281f8ecc5e1e1", "time": "2018-01-13 05:01:45+08:00", "suspect_from": ["35qpV4z8MUWLw7Gz64SNME2m45tSYEQoDC"], "suspect_to": []}
{"type": "btc", "txhash": "85b4a4551c9c02c5b86006d9c81fb0ea5e902887a2ede945b7816b17e4928a93", "time": "2018-01-13 05:01:45+08:00", "suspect_from": [], "suspect_to": ["1GwTSvjGqpr4LLwZNUwEgRJzHCLTK6Z38m"]}
{"type": "btc", "txhash": "15c1eb25a7dfc0c6c98061f9316b5f980f3313546745b10a08944b3c52d00dfe", "time": "2018-01-13 05:01:45+08:00", "suspect_from": [], "suspect_to": ["1DbUHEsNRN3xYa17w14n8FvVkZwHpync9"]}
{"type": "btc", "txhash": "bea0e4c3997329c6641e1b575a97c40803b1684edc4a3de5c3eb4fe0e52838ed", "time": "2018-01-13 05:01:45+08:00", "suspect_from": [], "suspect_to": ["1Ewk36u4ukwssgZQcRDcsiuoCNe8AVEVeC"]}
{"type": "btc", "txhash": "d3910d4288298c130d99f5ac9b752d900406850beda349e311a5b222f6baf93b", "time": "2018-01-13 05:01:45+08:00", "suspect_from": ["123RU6naJRRfU4wA6LHhGmdXBBSda9XmDu"], "suspect_to": []}
{"type": "btc", "txhash": "8d6e7f5ddc08a85e8a2e6f9f08574e5045fd91433cfcef8360820243dcfbc43c", "time": "2018-01-13 05:01:45+08:00", "suspect_from": [], "suspect_to": ["14inXE6PLFXVcGL3xHoVgEKaBHiahM3frA"]}
{"type": "btc", "txhash": "10260bc296186f942447060f603c5d84092b15061681eedd9866c22f9b060f58", "time": "2018-01-13 05:01:45+08:00", "suspect_from": [], "suspect_to": ["1D5BhxsmkJfHBACXns3ybA8wzkj4HN3fP1"]}
{"type": "btc", "txhash": "c1b145ce8ffd0613cd7eef4c0953af1a1d003cd4d9d78ab004bc499fa182da5b", "time": "2018-01-13 05:01:45+08:00", "suspect_from": ["15LoN1rcWP4anY46MvdLDodsvk8yzryuL2"], "suspect_to": []}
{"type": "btc", "txhash": "0aec23959a43f79a0695968770947f502910378674cfc40f820ac4fe65536666", "time": "2018-01-13 05:01:45+08:00", "suspect_from": ["1F9tkR4cMjtsgQi5WPKvPAsu7dExmR6iTY"], "suspect_to": []}
{"type": "btc", "txhash": "36170a3eb592ef220b5788b84868206d10aef0be2053e98ebe5854c51ec7bbd5", "time": "2018-01-13 05:01:45+08:00", "suspect_from": ["12QREDVLaA3VMDWD1MA2hw9PCBDf3hJjcP"], "suspect_to": ["1BZYKS6mRfQg431HiFhXwZ4jtYnkRoxXad"]}
{"type": "btc", "txhash": "612157d24a0a5118cc6fff05e366d42befdc7697a3b114c60f639c579d3c8cb7", "time": "2018-01-13 05:01:45+08:00", "suspect_from": [], "suspect_to": ["1NLm3UgvFP1xVJrTQa4BFNgmR1WZTGTNf2"]}
{"type": "btc", "txhash": "0fefacbb5aa1b628f626570ad3604fad97ce887d18773d20a5cc2ff2ab9cd975", "time": "2018-01-13 05:01:45+08:00", "suspect_from": [], "suspect_to": ["1PxrUCVf3SD3TBCnNEtAn7tSdyfboH44BR"]}
{"type": "btc", "txhash": "e0ec95ef48f35d9b44328f3ae8fc0c0e37c802b4241dc1fddcbfee3400950a79", "time": "2018-01-13 05:01:45+08:00", "suspect_from": ["1MCqoBvLmVZH3iJDXDNtdN3DJLZVWpv16N"], "suspect_to": []}
{"type": "btc", "txhash": "3676b35cdca06007f10d032cda9af8e00cc9d719d691f2ce64f4e9e6a6e60d3a", "time": "2018-01-13 05:01:45+08:00", "suspect_from": ["1HpmSpAtUCBGbjbZcMncXZspPTveYu5odE"], "suspect_to": []}
{"type": "btc", "txhash": "dcb4fb0d8420a007e000ffcea90b90bed3076947971cf39d740b67cd9f1ab66e", "time": "2018-01-13 05:01:45+08:00", "suspect_from": ["1Lf4uEkkb12rQrL1MXuNWgtBzWqvX13VQN"], "suspect_to": []}
{"type": "btc", "txhash": "8b063db43528ce5f05c95e547d3eb4ac639b444413178d46bfa1a908df9ccfbd", "time": "2018-01-13 05:01:45+08:00", "suspect_from": [], "suspect_to": ["181ojyAR4QqcN6YggfjA7WPHGWDAzxAVr"]}
{"type": "btc", "txhash": "0bed90a798520101f8b9c10f2ea81bb3ad27377ba8525f09fa2b9b2e4ad5b5d4", "time": "2018-01-13 05:15:28+08:00", "suspect_from": ["1JWv949Vhk5mFRJeLD2KjyKGSvJ1x6tb25"], "suspect_to": ["1JygmaUXKZFLPoKWVJR41uE2XpYaFKJJUi"]}
{"type": "btc", "txhash": "a8136e5d735d3180544f646753861d421724bfc90e263dae0c733a02d37b2fef", "time": "2018-01-13 05:15:28+08:00", "suspect_from": [], "suspect_to": ["1DRn4Q4NdJT7mz5UptEjXbE4uCfbyhwXk3"]}
{"type": "btc", "txhash": "4cf87028ba7d972fb668eed0b22495c0c537f9f678358df365854494be166553", "time": "2018-01-13 05:15:28+08:00", "suspect_from": [], "suspect_to": ["1BM99PytB8u5Jt1n7hfmJ4CKHocSnomQEC"]}
{"type": "btc", "txhash": "562e3c31796a24d9186886a633186d5ea738ff278b25cc907e804f6c6078b683", "time": "2018-01-13 05:15:28+08:00", "suspect_from": [], "suspect_to": ["33eYaHcSGLNi33bFxiRptMsbp2A8GFxiN3"]}
{"type": "btc", "txhash": "60627d0dfda93a26c2ec5ee250d84fbc775397f7f1f984a4ba802fec12e24ca2", "time": "2018-01-13 05:15:28+08:00", "suspect_from": ["1NiCDNB1n3r5kTbTfGMWTe1DXV6uCJmgGf"], "suspect_to": []}
{"type": "btc", "txhash": "63d0b216f821f18fd88d89bf5ef0e869f2026e2e406ba261b4b1acfd3a48f43a", "time": "2018-01-13 05:15:28+08:00", "suspect_from": ["1LAh5yeFut8GsJ7xtHD6DU34W5zq9riiiN"], "suspect_to": []}
{"type": "btc", "txhash": "e480a96745224983d4f6250490d36d8951ee8c1a405ce5d9010213f59a6c436a", "time": "2018-01-13 05:15:28+08:00", "suspect_from": ["13AmkMx48GjffFV2xtJzzLijSuAiFc3RCE"], "suspect_to": []}
{"type": "btc", "txhash": "ab60415e14e1ce493c42b11a6ea1e64b4c687124344203064c80048aa94d97e3", "time": "2018-01-13 05:15:28+08:00", "suspect_from": [], "suspect_to": ["13NdpQuQiS4owMHrSt8D9sA5aPxrA1wKKG"]}
{"type": "btc", "txhash": "5b8d19c0098fb041f794f26e1b7d64c302dad5670af254c9bf4f99a1f5ceb602", "time": "2018-01-13 05:15:28+08:00", "suspect_from": [], "suspect_to": ["1626dH88LWfA72LFVhVEQoXYW4xAF2kijd"]}
{"type": "btc", "txhash": "32dfad9b273b754f37f942e67424f6527fa3850988763a1c670a887274079380", "time": "2018-01-13 05:15:28+08:00", "suspect_from": [], "suspect_to": ["1PFSgBX3fpXY1x7BMFAkfPJQJFrLdenm7J"]}
{"type": "btc", "txhash": "ad6a13eca9fd847a696d705ca5cf5557fa6b0f2a13757f3aa245c78c295872a6", "time": "2018-01-13 05:15:28+08:00", "suspect_from": ["1BZYKS6mRfQg431HiFhXwZ4jtYnkRoxXad"], "suspect_to": []}
{"type": "btc", "txhash": "af5cde9174e15b087403b62bdea102568b1128d1e80e817eb2dd33271adefbd9", "time": "2018-01-13 05:15:28+08:00", "suspect_from": ["14inXE6PLFXVcGL3xHoVgEKaBHiahM3frA"], "suspect_to": []}
{"type": "btc", "txhash": "0215f316ae43a3fc2d8efef7a782157c15e0112f3037a2fe54e2ed75bb79a7eb", "time": "2018-01-13 05:15:28+08:00", "suspect_from": ["181ojyAR4QqcN6YggfjA7WPHGWDAzxAVr"], "suspect_to": []}
{"type": "btc", "txhash": "86e650f531ff234e46d50b2b2e4f38df7ef6e4335f103179e28ea1daaa41adf5", "time": "2018-01-13 05:15:28+08:00", "suspect_from": [], "suspect_to": ["151FccxBBE1XMHTtqZab9dRhN3P1D2jFSP"]}
{"type": "btc", "txhash": "98fe604bfc739e741772e844e95100d65224f6ed341d73d3d18b11277ce464f8", "time": "2018-01-13 05:15:28+08:00", "suspect_from": [], "suspect_to": ["1FTeKSV7FQhFzEhAPsuH6bRkwuuQnVussC"]}
{"type": "btc", "txhash": "6e167ef410c4a521a00a785b820a99ec8a017b608e95188fbaca4275638d3b1d", "time": "2018-01-13 05:15:28+08:00", "suspect_from": [], "suspect_to": ["1FjBB4wHCerA724A4bRSuXeo2jf4dVFU4p"]}
{"type": "btc", "txhash": "8eaf7bb366887d61a9caeeb9e98547dbdb4bd4706c5485bfd22c102cb546801f", "time": "2018-01-13 05:15:28+08:00", "suspect_from": [], "suspect_to": ["1FHsGVoU8MPtFoeHQp7LKPGPk7MhfdjDNJ"]}
{"type": "btc", "txhash": "0522c72b50573d0531d5d29005ea6e470e00d64108ea83834594a0f2533ba821", "time": "2018-01-13 05:15:28+08:00", "suspect_from": ["1D5BhxsmkJfHBACXns3ybA8wzkj4HN3fP1"], "suspect_to": []}
{"type": "btc", "txhash": "ff45643323f476f4fa05b14767835b1fb5862f02b6044c677ea154f4074f3045", "time": "2018-01-13 05:15:28+08:00", "suspect_from": [], "suspect_to": ["1Ljpv2wmXxrgTpujquaNtvMrcXpW2oFyaD"]}
{"type": "btc", "txhash": "edc60c01e2884e214b0561f27c540fd849439a91b35ead2685c0a404d9f26c65", "time": "2018-01-13 05:15:28+08:00", "suspect_from": ["1DbUHEsNRN3xYa17w14n8FvVkZwHpync9"], "suspect_to": []}
{"type": "btc", "txhash": "92ef74e19c8a3ba518745953dc7d94b8f3dad023a196f71be2b3f11139f26f69", "time": "2018-01-13 05:15:28+08:00", "suspect_from": ["1Ewk36u4ukwssgZQcRDcsiuoCNe8AVEVeC"], "suspect_to": []}
{"type": "btc", "txhash": "2c4e9e20370dd3cfaa88666b405beb771f984248e0ac1c5a315e6924957b2792", "time": "2018-01-13 05:15:28+08:00", "suspect_from": ["1GwTSvjGqpr4LLwZNUwEgRJzHCLTK6Z38m"], "suspect_to": []}
{"type": "btc", "txhash": "73944b1a99a370b08c76a300e88cf85a58c6f70091e3ca930fc5441feeb7e69a", "time": "2018-01-13 05:15:28+08:00", "suspect_from": ["1NLm3UgvFP1xVJrTQa4BFNgmR1WZTGTNf2"], "suspect_to": []}
{"type": "btc", "txhash": "2953bfd67006f76eebe3270401710e7913e987b3c5deecb6d92d12d0b479a3a9", "time": "2018-01-13 05:25:04+08:00", "suspect_from": ["35AJfs5qiYTsVp1bHYrj2JbyRNML6vDUNw"], "suspect_to": []}
{"type": "btc", "txhash": "c63db6f0eb8e42d693b78628675c69ef260755e7e3ee8fc38f30d69cf18cabeb", "time": "2018-01-13 05:25:04+08:00", "suspect_from": [], "suspect_to": ["3MgKwfExuSyFAJdNQidiD1Pg1497w3t5BB"]}
{"type": "btc", "txhash": "984e25be275077aea1f27e291833c342e5b93c4538039ceb4390a543645b082a", "time": "2018-01-13 05:25:04+08:00", "suspect_from": [], "suspect_to": ["1LhQ2tRStcAzmgtqrRJGtY2KNWVBu3K3UW"]}
{"type": "btc", "txhash": "34cbc7a194d8a127f1da81d8de7604c554af0a5681bb587e326255906ec94714", "time": "2018-01-13 05:25:04+08:00", "suspect_from": ["17pBraoEmtY2qrVUjd7fd25Cza4xkH3iib"], "suspect_to": []}
{"type": "btc", "txhash": "016433633b254482a1f45854c540640299a66df01e71a5ce2b6a755931498e07", "time": "2018-01-13 05:25:04+08:00", "suspect_from": ["1P892YXi4csTedCMALNXQ6nQVmqN5Qh5v3"], "suspect_to": []}
{"type": "btc", "txhash": "b55f345a818790612f8beacd3395be5215989fb12df291b82d1277e0e990e0c6", "time": "2018-01-13 05:25:04+08:00", "suspect_from": ["1NgtH1FY8wGirPcWJgeCKauHSbLv1sKB3j"], "suspect_to": []}
{"type": "btc", "txhash": "4f309818978796a52e7dfd0b2d14a85b014c5f6da2d449efbe2827539ed635ce", "time": "2018-01-13 05:25:04+08:00", "suspect_from": [], "suspect_to": ["13ewPv2eSmM5JV2x26Bv1McakAscntqGCC"]}
{"type": "btc", "txhash": "b26d29539ddf7d4f48c9b49d4a243b6c5a188c45c0a7dcf56477474675d74b90", "time": "2018-01-13 05:25:04+08:00", "suspect_from": ["1BCJxuNTV6Yivvzn5YgZSSUBdeQ1hN51KL"], "suspect_to": []}
{"type": "btc", "txhash": "c361ba807f5fca27459cee6769d126cead12f7933b9660eb72f43a56f557f61d", "time": "2018-01-13 05:25:04+08:00", "suspect_from": ["3P5mt5L9e8APVt4A2Yys3VfLfVtnWch5fK"], "suspect_to": []}
{"type": "btc", "txhash": "c416399661cd734a6732ee72354a5bd7e3d8e0004eaf2f792e6742c391b2b8cc", "time": "2018-01-13 05:25:04+08:00", "suspect_from": [], "suspect_to": ["1EHkfaYfTCibJ1SJDM7mYb65YhxexeDUxV"]}
{"type": "btc", "txhash": "13b267156916a53f2a3c686ec33dd4526600470166adf62243bef88c5fca717d", "time": "2018-01-13 05:26:11+08:00", "suspect_from": ["1231JamxeeFrQVcEJhWrQGPwqVxKWVtrYC"], "suspect_to": []}
{"type": "btc", "txhash": "f37aa4858ec5b27fdae60d7d3ead8052d9dad5af42b0cb79c762e97b35c964b5", "time": "2018-01-13 05:26:11+08:00", "suspect_from": [], "suspect_to": ["132wEJWHEC61JZ2m9BUm275tuGrjc4MfFK"]}
{"type": "btc", "txhash": "de2288eba0879a549bb094344c710af451476acea3270df33fd9eb786830e0b8", "time": "2018-01-13 05:26:11+08:00", "suspect_from": ["1626dH88LWfA72LFVhVEQoXYW4xAF2kijd"], "suspect_to": []}
{"type": "btc", "txhash": "6a510880b57ec32e2894126d0d47de5ce11cae318912126571a0591d6b970b13", "time": "2018-01-13 05:26:11+08:00", "suspect_from": ["198MYk6SgTLf8B45cFP6bzyuyo6RmEyCum"], "suspect_to": ["1BwpytQQK53Yr7vU4XJz89WFuuKgfq8kFt"]}
{"type": "btc", "txhash": "3cb1fe7490e7caef20b77de68981f82d76f2a3b5815e932d97f7fbb913eac43f", "time": "2018-01-13 05:26:11+08:00", "suspect_from": ["1LHqv4cht1NS3CMq5oHiMhN4vuXhfgNtg9"], "suspect_to": []}
{"type": "btc", "txhash": "18f2e1042958f2214566449e68cd042f5aae60f951c95a8ab91e5925d09508b4", "time": "2018-01-13 05:26:11+08:00", "suspect_from": ["3P5mt5L9e8APVt4A2Yys3VfLfVtnWch5fK"], "suspect_to": []}
{"type": "btc", "txhash": "a1391a093f8f52de11b0a58bc6eeb99ee915907d62f6bc0a857accc0ac9bb4f2", "time": "2018-01-13 05:26:11+08:00", "suspect_from": [], "suspect_to": ["1M36dGi6L3hD61KELa2bg1B88MhG45Syei"]}
{"type": "btc", "txhash": "6cbe675533100a243e3576d444298da1d234034844fc724c6d8597750ee01c41", "time": "2018-01-13 05:26:11+08:00", "suspect_from": ["1PvhRqi3f9NvGyD5o2rem5UP1fATrrhVc4"], "suspect_to": []}
{"type": "btc", "txhash": "4f4b6215627e0f3d1a682b84b7a818ec21c66c906719fe8d1aca7283ae2890ed", "time": "2018-01-13 05:36:53+08:00", "suspect_from": [], "suspect_to": ["1Nwxsv1DZ9GFiWTWyQe1mmFbwbBXXVPkKe"]}
{"type": "btc", "txhash": "5463070388f99ddc55f0f64adfcc1b77e96eeed31a790d13d469f1d0d1764ecd", "time": "2018-01-13 05:36:53+08:00", "suspect_from": [], "suspect_to": ["15KbUAHSw291PnkQscKyYub637tRWF8GqB"]}
{"type": "btc", "txhash": "e625a0e1c6d1891cd1f7049bc3def15dbfa08945df45853da1fea32ebcd8a98b", "time": "2018-01-13 05:36:53+08:00", "suspect_from": ["1FTeKSV7FQhFzEhAPsuH6bRkwuuQnVussC"], "suspect_to": []}
{"type": "btc", "txhash": "86b57ec558ca0ce5070505dcbd6533b43f0f83f051c16b81f7466d8f97591e92", "time": "2018-01-13 05:36:53+08:00", "suspect_from": ["151FccxBBE1XMHTtqZab9dRhN3P1D2jFSP"], "suspect_to": []}
{"type": "btc", "txhash": "8df7089a4cd2a061a330479056dfdf6462b1bf0c51f910f54204c75b260c14ac", "time": "2018-01-13 05:36:53+08:00", "suspect_from": ["1FjBB4wHCerA724A4bRSuXeo2jf4dVFU4p"], "suspect_to": []}
{"type": "btc", "txhash": "4128cddac92d4e924809f0877fe486d9f279a73d1523b248ae73d55c2e61bad7", "time": "2018-01-13 05:36:53+08:00", "suspect_from": ["1N52wHoVR79PMDishab2XmRHsbekCdGquK"], "suspect_to": []}
{"type": "btc", "txhash": "67d9feec5d9346d351f5c6fd0e4093b8f421cfcdfbc60ffe9d5685259266ecc6", "time": "2018-01-13 05:36:53+08:00", "suspect_from": ["1HEwZHfihY6FyGrUdap1roTr94hUDYmXct"], "suspect_to": []}
{"type": "btc", "txhash": "99db1bce0bbd77d403a6fce354940bbf784010526c9e35c965c5db07339db54d", "time": "2018-01-13 05:36:53+08:00", "suspect_from": [], "suspect_to": ["3FNZE3q8xfkuavASGmpyGHhaEoQYHU9uMP"]}
{"type": "btc", "txhash": "ea1c3c4de489f44c0d83dbd5cbbd6c73c8cb9f1f7e9d4b17a251b8c88a9b3e54", "time": "2018-01-13 05:36:53+08:00", "suspect_from": [], "suspect_to": ["1EQochvUZUZywtWHWZUfd74AfuuMAYjig8"]}
{"type": "btc", "txhash": "779cd688b210b045941b7d9f855b5620bce099516f507c57e03665ab1f40668a", "time": "2018-01-13 05:36:53+08:00", "suspect_from": ["1PFSgBX3fpXY1x7BMFAkfPJQJFrLdenm7J"], "suspect_to": []}
{"type": "btc", "txhash": "991c7b2ea8a5b17658f63bd08db9f4120809c3e68a56a74dcadd0d7b8d7dea10", "time": "2018-01-13 05:36:53+08:00", "suspect_from": [], "suspect_to": ["1Bvffy6NsAGuesdEYp6fvqhcAZvdmmYkAi"]}
{"type": "btc", "txhash": "5777247f1eb62b32c663416c172e4f99177926256ce506c13150e9fadf797977", "time": "2018-01-13 05:36:53+08:00", "suspect_from": [], "suspect_to": ["15BCxHnL9bztj5P3Tf7benwHTNWjEC1kk3"]}
{"type": "btc", "txhash": "476984c1539b5c5a4615837df7a91860733279619322873833a5a9b922ae7dde", "time": "2018-01-13 05:36:53+08:00", "suspect_from": [], "suspect_to": ["1FrZPimyw93Rq8PiidzP21TgJtJAeLserj"]}
{"type": "btc", "txhash": "5783d31b3c68bc9f02c88ee1e7113146831a0cc8f0df83d938e7cc1050d83021", "time": "2018-01-13 05:36:53+08:00", "suspect_from": ["1FHsGVoU8MPtFoeHQp7LKPGPk7MhfdjDNJ"], "suspect_to": []}
{"type": "btc", "txhash": "30e9e65d35467bfd1272fd436aa7174ae949825aaf9292fb75e11d3508cb89bf", "time": "2018-01-13 05:36:53+08:00", "suspect_from": ["1Ljpv2wmXxrgTpujquaNtvMrcXpW2oFyaD"], "suspect_to": []}
{"type": "btc", "txhash": "96029983612c3235c11c7449297e04069680082c771321549dccef3b5d34851e", "time": "2018-01-13 05:36:53+08:00", "suspect_from": [], "suspect_to": ["1Baiy6TjZW6LZVKMzc3ZCquomqeseaD8xo"]}
{"type": "btc", "txhash": "fa92a1f7da89fc15d442e593293f0db5cf4b85fac5a323d2d9efe63c03790836", "time": "2018-01-13 05:36:53+08:00", "suspect_from": [], "suspect_to": ["1kVFGHQkRL3MQJhGKoYBub4Hw31CmJotk"]}
{"type": "btc", "txhash": "be5a153ce51136deed3326d086bb839e7e868ad62704f006cedd3ccb06d4787f", "time": "2018-01-13 05:36:53+08:00", "suspect_from": [], "suspect_to": ["1GiDVCeFPYpQk2DBhppiZKM6nnd4uoLSQv"]}
{"type": "btc", "txhash": "4c0e5b2e0b7b7b6920a7a8e9207b2cfaa82dcdb5598e930d5ebe3f00b53819bc", "time": "2018-01-13 05:36:53+08:00", "suspect_from": [], "suspect_to": ["1163EBNkkoP2CHpRerT4DNpTC8BFNNkZWK"]}
{"type": "btc", "txhash": "fb1beb3606db8515354537ff51c3e86894dde699f5144c28a4475195628a9136", "time": "2018-01-13 05:36:53+08:00", "suspect_from": ["132wEJWHEC61JZ2m9BUm275tuGrjc4MfFK"], "suspect_to": []}
{"type": "btc", "txhash": "6f8083f780ad3ac0a84c4467aa2068712ce910b80c3f5c593b282728da08abec", "time": "2018-01-13 05:36:53+08:00", "suspect_from": ["173bArqQ2g7togZYwjzHffHZYHKHYHsPij"], "suspect_to": []}
{"type": "btc", "txhash": "b2c81a922350eba1499deb3757721363b2cf1c0d6f247882a9f1b3d11d051efe", "time": "2018-01-13 05:36:53+08:00", "suspect_from": ["1F8tMCTRAWLuEjnWmkNqrjGe7dC5HHxzUD"], "suspect_to": []}
{"type": "btc", "txhash": "969b9c8c047ce98ccb2332688285c6a8bdbf294f75708f0fadadaa11addf5ddf", "time": "2018-01-13 05:43:20+08:00", "suspect_from": [], "suspect_to": ["1JmgZrF8MVKxYFKVKUM2QAzMhTee2ubETS"]}
{"type": "btc", "txhash": "810e654ba729814fc2eeff4769f9bb91eeb6090774b83a6617deb483c3205c0d", "time": "2018-01-13 05:43:20+08:00", "suspect_from": ["1JmgZrF8MVKxYFKVKUM2QAzMhTee2ubETS"], "suspect_to": []}
{"type": "btc", "txhash": "7bfd2c81e84bb6c09b9a3e8ae65ef53834fa5eceb3d52510ae38cce9c218834d", "time": "2018-01-13 05:43:20+08:00", "suspect_from": [], "suspect_to": ["19Ps47YTR6844nx9EPCzJ2hivj6pvVXtwr"]}
{"type": "btc", "txhash": "bb3733467a0d9449cbd2aabecdf4fadded9cd03011b0d1bd663594b49f91d52d", "time": "2018-01-13 05:43:20+08:00", "suspect_from": ["3422VtS7UtCvXYxoXMVp6eZupR252z85oC"], "suspect_to": []}
{"type": "btc", "txhash": "2980735ec499ce4ed99dde407d144586e2b9c5653fdef61fa74255887d133734", "time": "2018-01-13 05:43:20+08:00", "suspect_from": ["1BQZJAYX4UQSBdasCEJxLjBXVinKhVXNwU"], "suspect_to": []}
{"type": "btc", "txhash": "0b3db937264511fcf76aa22fbefbcbc857efa4315f497ad16167e34de36a94c9", "time": "2018-01-13 05:43:20+08:00", "suspect_from": [], "suspect_to": ["1J37CY8hcdUXQ1KfBhMCsUVafa8XjDsdCn"]}
{"type": "btc", "txhash": "f55f0c0ea1359f651ba7c040fb1bc570d39bc5caf949355c774c69cebe760700", "time": "2018-01-13 05:43:20+08:00", "suspect_from": ["1kVFGHQkRL3MQJhGKoYBub4Hw31CmJotk"], "suspect_to": ["1MwgommsCWAyQEiag3KGF6mkgqHY3ezFdk"]}
{"type": "btc", "txhash": "e32054393a93a201cc74a2c0a02482870f89de0e2f5336f3eb763b755146818c", "time": "2018-01-13 05:43:20+08:00", "suspect_from": [], "suspect_to": ["1PtioY8mSDGXEWeRgCmX61paCkqKEBd1xv"]}
{"type": "btc", "txhash": "6b58f3f6af82f1fb40d12800bfc8c384faf34dd11baa61462b542c41eabe5dc0", "time": "2018-01-13 05:43:20+08:00", "suspect_from": ["3AAX68QDtVQv5Cd5FcqNv498YGQActv7Db"], "suspect_to": []}
{"type": "btc", "txhash": "a841330a2df4ee8205070b69b85d97175f8cd45d60103204493fa3fef39d8e01", "time": "2018-01-13 05:43:20+08:00", "suspect_from": ["13ewPv2eSmM5JV2x26Bv1McakAscntqGCC"], "suspect_to": []}
{"type": "btc", "txhash": "ed5f3bf1dfc7b654e65024d7f96ddf1448362bc14247fdcf40d41fb5aabda8b3", "time": "2018-01-13 05:43:20+08:00", "suspect_from": [], "suspect_to": ["1P9Le26P5gxND337ioHVB5u5UCZgiziRf9"]}
{"type": "btc", "txhash": "bdc0394aadac1befdd33ef5ff2cd4d7f44e265e2eb10cff474ce92b158320019", "time": "2018-01-13 05:43:20+08:00", "suspect_from": [], "suspect_to": ["1HXBS65dwo8ymw3b4F1xMXsyBQxJ4Aw6HG"]}
{"type": "btc", "txhash": "de81101478dcc63a38131d3c9bda6e79aa31de3577315aa3aca69b8c5b93072d", "time": "2018-01-13 05:43:20+08:00", "suspect_from": ["3NAzt1xTxX9h4A3pcLWVuypx6ffxerHMuN"], "suspect_to": []}
{"type": "btc", "txhash": "d3720f2d2d6bd0ca2abab636eee99db23dee0823b113554ff4871de30b03aaa7", "time": "2018-01-13 05:43:20+08:00", "suspect_from": [], "suspect_to": ["1Dj4tPirT7fjsXCQLeqrZHh7oj7uUDaxiT"]}
{"type": "btc", "txhash": "46bfd4497d2fac2b5a4c7970a14883162e2b3696f75b8a3d569e8cd1bd090f25", "time": "2018-01-13 05:43:20+08:00", "suspect_from": ["1Dj4tPirT7fjsXCQLeqrZHh7oj7uUDaxiT"], "suspect_to": []}
{"type": "btc", "txhash": "bd963680bd21462379d2053441f31353d3a0803059f0a235041dd6da71c1632b", "time": "2018-01-13 05:49:55+08:00", "suspect_from": [], "suspect_to": ["1Hth6rgC7p3s4xmGP3vHzPc29y5po7F2YP"]}
{"type": "btc", "txhash": "76c9cf66cb23c92d14c814e2f14912cabfb3235bd0999f500cbf1eacbdd124ac", "time": "2018-01-13 05:49:55+08:00", "suspect_from": ["1MwgommsCWAyQEiag3KGF6mkgqHY3ezFdk"], "suspect_to": []}
{"type": "btc", "txhash": "369f2915c4a4502c1f8647782eb60830abd18837c7347e083d84d02274252163", "time": "2018-01-13 05:49:55+08:00", "suspect_from": ["1PtioY8mSDGXEWeRgCmX61paCkqKEBd1xv"], "suspect_to": []}
{"type": "btc", "txhash": "66334775b63a78dc4d5f357fec45396fc286d23597ab7e55e28693b8220257eb", "time": "2018-01-13 05:49:55+08:00", "suspect_from": ["18UBD7EwP5QMMmZSmvWqMdcqp22AWguCCk"], "suspect_to": []}
{"type": "btc", "txhash": "6cd09847f8c7bb1f55749a419a816764c55ea827b7c6b1868afa53009b97edd2", "time": "2018-01-13 05:49:55+08:00", "suspect_from": ["1P9Le26P5gxND337ioHVB5u5UCZgiziRf9"], "suspect_to": []}
{"type": "btc", "txhash": "1245fc5eec2dd23f324276958c3e975e10f104eee9f7d760a1b5367cdf213379", "time": "2018-01-13 05:49:55+08:00", "suspect_from": ["12EUqoD1tviPGeUPqDm846koWuFZSQP5PL"], "suspect_to": []}
{"type": "btc", "txhash": "1e3cc1f6238e7666675156fb29fd9d4c6f2d0e9c85de4e0c171c4fe65ce45f65", "time": "2018-01-13 05:49:55+08:00", "suspect_from": ["1Kx9M9NGWg9xoTMPj32VUrQ75VL6L3ALA5"], "suspect_to": []}
{"type": "btc", "txhash": "e940f735612ae87e21e2c59e99c560a0c41fee2a6c7843bc8403a9ccde76a957", "time": "2018-01-13 05:49:55+08:00", "suspect_from": ["1KkSw4uJRbraTF5J9BGD7WWdoSNonGtvnV"], "suspect_to": []}
{"type": "btc", "txhash": "c629d77e1476fa22a4e13f1e37cb5cbb7c1c7ad3c1d1d2024d4f726c22603a33", "time": "2018-01-13 05:49:55+08:00", "suspect_from": [], "suspect_to": ["1BBqWhT5twLivTrbvLJrsz9AygSTB5qPCt"]}
{"type": "btc", "txhash": "876812aec5f1d9d20d601dc77a8bcd3e79510ecbcd338bae0a083e9c11ad114a", "time": "2018-01-13 05:52:30+08:00", "suspect_from": ["15BCxHnL9bztj5P3Tf7benwHTNWjEC1kk3"], "suspect_to": []}
{"type": "btc", "txhash": "99e12025fb63001f43eec3dae3eb92313f105d4681ceb5af4a0765283ba022ab", "time": "2018-01-13 05:52:30+08:00", "suspect_from": ["15KbUAHSw291PnkQscKyYub637tRWF8GqB"], "suspect_to": []}
{"type": "btc", "txhash": "f7587efe39ca5ccdbf2c11273fb6c4101dba7d7c6a0063e7230727c3f519d5ad", "time": "2018-01-13 05:52:30+08:00", "suspect_from": [], "suspect_to": ["1NQMnKsP7LCXKoyf1iLgrzHmpAPsWJchtW"]}
{"type": "btc", "txhash": "f387736233b54db359169fd29f6021145c4d725ac0f3137ea231d4cfc28de518", "time": "2018-01-13 05:52:30+08:00", "suspect_from": [], "suspect_to": ["1BRANYZ9cLzwUB9CCyy6wsQcg1fMWu5VxU"]}
{"type": "btc", "txhash": "9b7f1384f5ca84590a363a949b5d7ca86f758f2f520fd79e6f8096b3a8aed12d", "time": "2018-01-13 05:52:30+08:00", "suspect_from": ["1FrZPimyw93Rq8PiidzP21TgJtJAeLserj"], "suspect_to": []}
{"type": "btc", "txhash": "479d962da8ad6b8b42106c2abe8beed6dc179970da1779f11edc502701853661", "time": "2018-01-13 05:52:30+08:00", "suspect_from": ["1EQochvUZUZywtWHWZUfd74AfuuMAYjig8"], "suspect_to": []}
{"type": "btc", "txhash": "a4096f705077078c55577a29891ea6fc99f1137e6b573bf9e76ac725a3f610d4", "time": "2018-01-13 05:52:30+08:00", "suspect_from": ["1Bvffy6NsAGuesdEYp6fvqhcAZvdmmYkAi"], "suspect_to": []}
{"type": "btc", "txhash": "e49b040a373531bec0cb340bd9d276c4d0a99d9c5d251f9a5711cb32bbce63eb", "time": "2018-01-13 05:52:30+08:00", "suspect_from": [], "suspect_to": ["1AXqQ53ZV5bZ4VYMVv6ou1hjetykWe2tfg"]}
{"type": "btc", "txhash": "6ed5f94a20b3b75de0b09f5a0a493156289e17c92db89bfc3d9e94d0eac91a2b", "time": "2018-01-13 05:52:30+08:00", "suspect_from": [], "suspect_to": ["1AELrSgaB6JViWcmBv8gwi6J6kP3EwDD31"]}
{"type": "btc", "txhash": "11518fc7e8059124fa6a5f986ae6aef36b63568bd67fe9eb8a5ee5fc8b27f190", "time": "2018-01-13 05:52:30+08:00", "suspect_from": ["1Nwxsv1DZ9GFiWTWyQe1mmFbwbBXXVPkKe"], "suspect_to": []}
{"type": "btc", "txhash": "d9894bde4b16580b51d00d2b77e8a5c122cf3f0a86070511645cd4ca826592cd", "time": "2018-01-13 05:52:30+08:00", "suspect_from": ["1163EBNkkoP2CHpRerT4DNpTC8BFNNkZWK"], "suspect_to": []}
{"type": "btc", "txhash": "69db3cec17ea77c7c266327ee5739c7e9f8dcb594d0273aec9389d709eaed6f0", "time": "2018-01-13 05:52:30+08:00", "suspect_from": ["1GiDVCeFPYpQk2DBhppiZKM6nnd4uoLSQv"], "suspect_to": []}
{"type": "btc", "txhash": "51b8f9302a7b8f873871d8a99ec235a655fb0ab262952029b604f12a5e2a8090", "time": "2018-01-13 05:52:30+08:00", "suspect_from": [], "suspect_to": ["3K6YMmqbNjbcELiacPSVLjvkcyAK9k4xDE"]}
{"type": "btc", "txhash": "30608ccf27b08efe17426919ec119d176dd6b982c29b5d47ebf2bc46583b88b1", "time": "2018-01-13 05:52:30+08:00", "suspect_from": [], "suspect_to": ["18EvcFZryDakfak9GA3r9Qs7p5n5VqksHp"]}
{"type": "btc", "txhash": "ca5ab0976b1ad9d83e016896698712c3cb87f0a771c40b79f5953ad477676db0", "time": "2018-01-13 05:52:30+08:00", "suspect_from": ["12bztiMUn8odUwgKbGXQcUk5HEZ2Chqpg4"], "suspect_to": []}
{"type": "btc", "txhash": "ad7a467a7f396077a4f7444aa05967c3d27be0343cf8904c82049204de0822c8", "time": "2018-01-13 05:52:30+08:00", "suspect_from": ["1BthVnXGvmaMZAgijvYRbZnu8XtpQbshGL"], "suspect_to": []}
{"type": "btc", "txhash": "646d523ff4dcbf7f81c2181aaab70581ee3490c8d2a72bc03062d566e21177e6", "time": "2018-01-13 05:52:30+08:00", "suspect_from": ["1BqBvP3Qzn5GfFZYtgntXTHGtn13VPJvTw"], "suspect_to": []}
{"type": "btc", "txhash": "69b1d7a92e331c669150c71ef272d4257505cd7152c4081818b37a2a6bfe7127", "time": "2018-01-13 06:00:30+08:00", "suspect_from": ["3Pb2LRbmu6SDiApkKoduJDkShePgH3M3oL"], "suspect_to": []}
{"type": "btc", "txhash": "57c304f3bd13845e682b6acf0aa784c12884879439377c68b51a3677732855ad", "time": "2018-01-13 06:00:30+08:00", "suspect_from": ["3422VtS7UtCvXYxoXMVp6eZupR252z85oC"], "suspect_to": []}
{"type": "btc", "txhash": "976e25b7c06fcbd7b9a603751f451cb829f0d14c2ee9b609e81a4911719174d7", "time": "2018-01-13 06:00:30+08:00", "suspect_from": ["1J37CY8hcdUXQ1KfBhMCsUVafa8XjDsdCn"], "suspect_to": []}
{"type": "btc", "txhash": "bbb19605281e1a1498a13a2bbb791a21be891c0439e2126ed211724ff714e7b8", "time": "2018-01-13 06:00:30+08:00", "suspect_from": ["1Baiy6TjZW6LZVKMzc3ZCquomqeseaD8xo"], "suspect_to": []}
{"type": "btc", "txhash": "553f0de1586b82459e771b803cba454e63022fd6c3faae79eb7ec0c90c075e3d", "time": "2018-01-13 06:00:30+08:00", "suspect_from": ["1AELrSgaB6JViWcmBv8gwi6J6kP3EwDD31"], "suspect_to": []}
{"type": "btc", "txhash": "d60a2ae22a28e6152cdce91f17a6ca572b0a56e8cfbc095f29d294f06cba552a", "time": "2018-01-13 06:00:30+08:00", "suspect_from": ["1BRANYZ9cLzwUB9CCyy6wsQcg1fMWu5VxU"], "suspect_to": []}
{"type": "btc", "txhash": "99b4abeaf8dee77b9c04b46c1f3349d3ad39548d7d49049901f3dc83fd5abc36", "time": "2018-01-13 06:00:30+08:00", "suspect_from": ["1NQMnKsP7LCXKoyf1iLgrzHmpAPsWJchtW"], "suspect_to": []}
{"type": "btc", "txhash": "5df910f92c0af41783e46d08ea4c38d9dba30428fb40050d7b5c38cb9b1fbcf7", "time": "2018-01-13 06:00:30+08:00", "suspect_from": ["1AXqQ53ZV5bZ4VYMVv6ou1hjetykWe2tfg"], "suspect_to": []}
{"type": "btc", "txhash": "3ea808c41ec4c07c4414e1d66be99cf8ade43f84791013166dfc5da0fa4469b8", "time": "2018-01-13 06:00:30+08:00", "suspect_from": [], "suspect_to": ["19EaqYWmEykMtz7FvxoA4aerWnsbAqkSa2"]}
{"type": "btc", "txhash": "4b4e776570228fdbcc3036e56ec256f68ba0d9e516ca895bd5f3c97471130203", "time": "2018-01-13 06:00:30+08:00", "suspect_from": [], "suspect_to": ["1FhxWXrrNHyyyN93Py41EZKaqYp1f3HkVm"]}
{"type": "btc", "txhash": "a8ca91d29cba61bea8952c91b14218b3d1988f5eef5f2c450a5c01d553af7878", "time": "2018-01-13 06:00:30+08:00", "suspect_from": [], "suspect_to": ["1A3bNPaDpXheugEDfgmgYuwah8cJ3PbmBP"]}
{"type": "btc", "txhash": "faf3372155f0b47764abb3d3a4d87d8059e80c3f49ea1e251695aea128f2d1e9", "time": "2018-01-13 06:00:30+08:00", "suspect_from": ["1A3bNPaDpXheugEDfgmgYuwah8cJ3PbmBP"], "suspect_to": []}
{"type": "btc", "txhash": "20aebcd9617231065102786f905b0eec5e6270cb808cb154c716e55697f67cfb", "time": "2018-01-13 06:00:30+08:00", "suspect_from": ["14pVt1JDfXUgRwBEdcjnpiQ8mLmVKTnin6"], "suspect_to": []}
{"type": "btc", "txhash": "ae7a0f731326bb8f31d89c229fbc5d202b87f91022b37d9b68f5308fa11a1d80", "time": "2018-01-13 06:01:05+08:00", "suspect_from": [], "suspect_to": ["15kNCYwy5onxfWMaiNBfwSBbJfvSBRqg1Z"]}
{"type": "btc", "txhash": "c0324aae62796b30384d731d02e7251ac81a16e367bba102ca56c35c1c34037d", "time": "2018-01-13 06:02:31+08:00", "suspect_from": [], "suspect_to": ["1HczAvtykuXZij8LkrDza1QHcYZyCEswsc"]}
{"type": "btc", "txhash": "b2e1ac227c143e594c7aa8ea701fda3eaa99d65d3b5fdeb8a24365ae785de7e8", "time": "2018-01-13 06:10:13+08:00", "suspect_from": [], "suspect_to": ["3AAX68QDtVQv5Cd5FcqNv498YGQActv7Db"]}
{"type": "btc", "txhash": "acf8327dd42618d9afdd9cccc41c986c73fecf19f9e7d51382db47484b0edca4", "time": "2018-01-13 06:10:13+08:00", "suspect_from": ["1HczAvtykuXZij8LkrDza1QHcYZyCEswsc"], "suspect_to": []}
{"type": "btc", "txhash": "fbb56d43957abffdd38cb5ec589ad8de56614e4b60c1155e3fc570820f873958", "time": "2018-01-13 06:10:13+08:00", "suspect_from": ["16pfYQLmgh5Rr31xjXY6qsJUP9C6xWqv85"], "suspect_to": []}
{"type": "btc", "txhash": "4811bdc992e42b1e839b3446c128c246b107c5077670cc69b581f40c33359535", "time": "2018-01-13 06:10:13+08:00", "suspect_from": [], "suspect_to": ["1GYbvgLECPFmz8Up4kH45S5UfsmBsHFqiy"]}
{"type": "btc", "txhash": "7a6e31ef979236b4f5cef1fd961e0cec774c9c896618c31efbe55b0d1b631eb5", "time": "2018-01-13 06:10:13+08:00", "suspect_from": [], "suspect_to": ["1HX82JykepxVRePZwFMAbdDcmLhQFzHVgG"]}
{"type": "btc", "txhash": "51381cb6b90a9c343936920838096ff240912a72f70ab968e03841ee6a5a5cc2", "time": "2018-01-13 06:10:13+08:00", "suspect_from": [], "suspect_to": ["1pBcDepHx3iN81r2PyXR8y3uNZRbN4vB3"]}
{"type": "btc", "txhash": "2ccefd05d66c68f2fa2d115edc61ae3388de651b53f09939533512085e960e24", "time": "2018-01-13 06:10:13+08:00", "suspect_from": ["1pBcDepHx3iN81r2PyXR8y3uNZRbN4vB3"], "suspect_to": ["1GH2UcVUoS9nPLGKLsCa44zFik8QLQfrxU"]}
{"type": "btc", "txhash": "cc47decff6024e089a5fb5814880cb3ba2b0a933659ac8d50b5a9e5e8e03bfa2", "time": "2018-01-13 06:16:56+08:00", "suspect_from": ["1BM99PytB8u5Jt1n7hfmJ4CKHocSnomQEC", "1DRn4Q4NdJT7mz5UptEjXbE4uCfbyhwXk3"], "suspect_to": []}
{"type": "btc", "txhash": "995c9f8f40532104fc8830b4f0ae3f9ebdd9dd97c66d4811404c6dd6c48e9936", "time": "2018-01-13 06:16:56+08:00", "suspect_from": [], "suspect_to": ["1HHVsbuqGXinYeq1iT89h8CRNn8jZ88xji"]}
{"type": "btc", "txhash": "aca88fbf08ef97d15bf719161a5fc63551bb72643d49f01c201975bef7e8e5ab", "time": "2018-01-13 06:16:56+08:00", "suspect_from": [], "suspect_to": ["1LGVv1N5BacatSK16KMNyPy2EPNXB5ey71"]}
{"type": "btc", "txhash": "e16e5228e8faa3f8a3800acb22f835165b659cedabce7bd429dda21c44afe40d", "time": "2018-01-13 06:16:56+08:00", "suspect_from": ["1HX82JykepxVRePZwFMAbdDcmLhQFzHVgG"], "suspect_to": []}
{"type": "btc", "txhash": "14ac0f9714e5add8204884686114b9934a2356b1f4fe49e7eb175d81d38b0e1b", "time": "2018-01-13 06:16:56+08:00", "suspect_from": [], "suspect_to": ["1F8icvNvDb36Yasob82C9cg3Fc4Fm6jTrw"]}
{"type": "btc", "txhash": "fa3533446fc344b03beed7408811b5adaf767bec58ec44a9e605cced32062c72", "time": "2018-01-13 06:16:56+08:00", "suspect_from": [], "suspect_to": ["16HiGWzFptboQ9eNVBxd3Bmm7wyGPkaBn9"]}
{"type": "btc", "txhash": "af562a218b19161b683f288f474b16779eba2571e4d6eeda629d597011a377d6", "time": "2018-01-13 06:16:56+08:00", "suspect_from": [], "suspect_to": ["1FhqecsNbthrz8y9fLTmALjT67pn4CcPxJ"]}
{"type": "btc", "txhash": "88c18ae96827c00207a84655f1db1c6d302a6999c364ad0ec2301674b8913921", "time": "2018-01-13 06:16:56+08:00", "suspect_from": [], "suspect_to": ["1CrpLbmPACktfRGKGtVpLenPnEYxPX5C2u"]}
{"type": "btc", "txhash": "4c34851dc6a0cf1aa244a42c3177801de9d807a6ced264cc045dea60aa56d678", "time": "2018-01-13 06:16:56+08:00", "suspect_from": [], "suspect_to": ["12V9gii3n46n69fmA1kG9U95Ez3Pp7MNkD"]}
{"type": "btc", "txhash": "0575c629943f77d57207d41551aeb6ab1ec496f7d6a0623289a377849941f9b5", "time": "2018-01-13 06:16:56+08:00", "suspect_from": ["3CFWGFSV8xosbedEGxjkMDHw1kbMbBr8jP"], "suspect_to": []}
{"type": "btc", "txhash": "d921a307e439c38e715b8a898d6327300de2b3213b21eb70401ed6274285cb16", "time": "2018-01-13 06:16:56+08:00", "suspect_from": [], "suspect_to": ["3GBDgayfK9t2unwEtv6iCFNkXorcqKsuVC"]}
{"type": "eth", "txhash": "0x3d1acd71846eb1abcb8e78a9d345299f9e88a8aa4b318b44b82655b4dd62c058", "time": "2018-01-13 04:21:44+08:00", "suspect_from": "0x3f5ce5fbfe3e9af3971dd833d26ba9b5c936f0be", "suspect_to": "0x19af62817cec6ccefe441adc4bd5a85f162c67bd"}
{"type": "eth", "txhash": "0x6e6a4dd9ee3b376b4b84b78c8d9ec48cae168c1755e31f428a6663e8357d6d83", "time": "2018-01-13 04:23:24+08:00", "suspect_from": "0xa30d8157911ef23c46c0eb71889efe6a648a41f7", "suspect_to": "0x797a529f9245a331a277ad2e478edfe25f4b7fc7"}
{"type": "eth", "txhash": "0x368edfd46a04f9d511156744b81a407dfeeb141af1f5d9d994c8b036ecd7471a", "time": "2018-01-13 04:23:24+08:00", "suspect_from": "0x3d805dfbe993c68742bb92061a6623f0a39198b0", "suspect_to": "0x3f5ce5fbfe3e9af3971dd833d26ba9b5c936f0be"}
{"type": "eth", "txhash": "0x9320de17412b1e2820b08f59338dffc821da92287c43a279afd80f856f39e6aa", "time": "2018-01-13 04:24:38+08:00", "suspect_from": "0x19e00b6d358319856656779049c0d2f85def41e5", "suspect_to": "0x4cbae7afa6b9f66cba9b31cc89ae9a64c0c0f6bb"}
{"type": "eth", "txhash": "0x433bf884821a6b81098e97c195ca3cd10ea6061aaa84c499f777cdc0a5614d99", "time": "2018-01-13 04:27:40+08:00", "suspect_from": "0x7447a47b5431750025484f7c71f773b60aca8807", "suspect_to": "0xa1cb7c6056ca3924b452f9ed016776dd7c4bce5a"}
{"type": "eth", "txhash": "0x49a0f3c3aa69d055928c4b1c3bf975fbe93ddf33ff15ca8ed3b6a34954e07f95", "time": "2018-01-13 04:29:10+08:00", "suspect_from": "0x5827dd92d59f1d57ef26ff417ec1ee3e055d0ecc", "suspect_to": "0x4b01721f0244e7c5b5f63c20942850e447f5a5ee"}
{"type": "eth", "txhash": "0x04247fcb15246f4dc663f1a9c2a063fbab564a684d2a46215a59d4661bbe220b", "time": "2018-01-13 04:29:47+08:00", "suspect_from": "0x8952c8a9f5b2931a969653a6579c5c721b005dcf", "suspect_to": "0x21981a1c367d320209b6a36c86c57c073348c23f"}
{"type": "eth", "txhash": "0x23e4907a969ce34d888879140bb915addc7dfa0e05ba80dce49448a2d7c75ffe", "time": "2018-01-13 04:29:47+08:00", "suspect_from": "0x2eff1ac0ee798c8c59be0658a9b09cecebd1c270", "suspect_to": "0xf1fe03bfb3e3d5eb113de7248d0bee39d4807d6e"}
{"type": "eth", "txhash": "0xee39ec6d6e635886291425e977182e4a46d3e5c25eb654f36827d8e53048a277", "time": "2018-01-13 04:34:59+08:00", "suspect_from": "0x0681d8db095565fe8a346fa0277bffde9c0edbbf", "suspect_to": "0x4bd039266c26639c500cbe1c731fe960a234ed99"}
{"type": "eth", "txhash": "0xfd5c14f67e2bd7331a67638972bc3808902a63a9c8a2ccec847310102cfedafa", "time": "2018-01-13 04:36:05+08:00", "suspect_from": "0x35998a10af255c768f8d68aa531f7da18edbfc3a", "suspect_to": "0xdc944defd50440a3a19f871e783099d48568fcb4"}
{"type": "eth", "txhash": "0x23ae3592e327004794518eefe721cf7a8779f12e38e738dab96489e85872475f", "time": "2018-01-13 04:38:57+08:00", "suspect_from": "0x4bd039266c26639c500cbe1c731fe960a234ed99", "suspect_to": "0xce52858b5d8774f2862bea0c775c0bef7d382050"}
{"type": "eth", "txhash": "0xc0557a27d3313fb8cc2377f89460762c3268c59e15e633b6518ae1b486779c3f", "time": "2018-01-13 04:39:08+08:00", "suspect_from": "0x823ffd40011a1134bc3ab31afb7d2a1d77a169ed", "suspect_to": "0x4f0bb58bd2bf2f44bd1fa9acc684dabc56d25cdb"}
{"type": "eth", "txhash": "0x71ea28af5cc55bbcb0c6950209b9b5342772d4dd30433a71388cb8d717ed173a", "time": "2018-01-13 04:41:32+08:00", "suspect_from": "0xab70ded5120cbfc65fdfe85001dafcc278b2e77f", "suspect_to": "0xe0b52634bf05fc31d3c8bc7ab6aed7f2715f5511"}
{"type": "eth", "txhash": "0x7d6b8a0518f2ab5763ce7212da8e81c506b38307ecd278d22134159fcb57be89", "time": "2018-01-13 04:41:32+08:00", "suspect_from": "0xb8f97e60dfe778ac12eba7c0369828b4258dadd9", "suspect_to": "0xdb3c33aaaa10560591b1c22c147e7b69de5a57ae"}
{"type": "eth", "txhash": "0x4818ea20c11d4ead5e77f2e621519bf148867f984ac9b261a603e2371e7afb2d", "time": "2018-01-13 04:41:32+08:00", "suspect_from": "0xb97d429b7394f6d50f3954f04156623a096c62f9", "suspect_to": "0x08c29354b77ad203e43261fd718d7d61e2a6acd2"}
{"type": "eth", "txhash": "0x4c115ab556fef3ca3308114b5a5dc383163b8e501b876bc246b594292841959f", "time": "2018-01-13 04:41:32+08:00", "suspect_from": "0xbd075f9d8718170e8d646e59ce3989ae5964ab92", "suspect_to": "0xf9e948cbaddaead84fb177e3482fc4d195743000"}
{"type": "eth", "txhash": "0x90116f5a0a223dd7c29d20535eac442568c8c64541b479704314c8567bb2d3d4", "time": "2018-01-13 04:53:28+08:00", "suspect_from": "0xfbb1b73c4f0bda4f67dca266ce6ef42f520fbb98", "suspect_to": "0xe4e121ce1295d781dcdde80e6b28521ef703f64f"}
{"type": "eth", "txhash": "0x76f5f4400e2f8a07b59718a3663d8bfefe52308beaf1e4365181ecd9bcf93fe0", "time": "2018-01-13 05:00:40+08:00", "suspect_from": "0x8cb939e636cc168cf8ac1ef21397db910adb8103", "suspect_to": "0x3f5ce5fbfe3e9af3971dd833d26ba9b5c936f0be"}
{"type": "eth", "txhash": "0xdaacf05aad4022a93f42ddf0c6927a1e8809c9faa35c7bd68e87cbf1359085a6", "time": "2018-01-13 05:00:49+08:00", "suspect_from": "0x60c62375ece82ca1e1bc575352b8eb8baaf42df4", "suspect_to": "0x3f5ce5fbfe3e9af3971dd833d26ba9b5c936f0be"}
{"type": "eth", "txhash": "0x564ce0c5510d620cfbdfde7fc86d3568bc5e522a94b5f00acace3e225a293c79", "time": "2018-01-13 05:10:18+08:00", "suspect_from": "0xba5ca7d9c8d9fec332ff0e691ff8d9562a6da775", "suspect_to": "0x158adb626987f8693415e0bdccca0aa59feac19b"}
{"type": "eth", "txhash": "0x614d587d8b88214163a35ae144e80a5d62da7c3f2bc6640f3ebd62bc9e805fdb", "time": "2018-01-13 05:16:46+08:00", "suspect_from": "0x118c780ab0a72c8117629a11d4cc2baaa3121477", "suspect_to": "0xf6e94759d859741ba039a4592ae0cf2ad3877839"}
{"type": "eth", "txhash": "0x44dde8ce3604ecd3c31791a9c58e17cda13642b40470db517b7d679459d679fe", "time": "2018-01-13 05:30:04+08:00", "suspect_from": "0x3f5ce5fbfe3e9af3971dd833d26ba9b5c936f0be", "suspect_to": "0x77ca364961674c1a87e785a104b98b2d4ea4eadc"}
{"type": "eth", "txhash": "0x2b745bbf960d0f9c9216e3b63855507453ed3f25702c4ee246ad46ec3ef240f1", "time": "2018-01-13 05:31:20+08:00", "suspect_from": "0xfbb1b73c4f0bda4f67dca266ce6ef42f520fbb98", "suspect_to": "0x7f047dfd6fa5224f39a4c7d2e199739632d45227"}
{"type": "eth", "txhash": "0xf98c2a0a0a650bc296f8c6d76c41b80f2f46e209eb77a76f52fb492bdaa7c486", "time": "2018-01-13 05:32:20+08:00", "suspect_from": "0x32b8d3087fbf2b7c5ae0469f0bf28c07b80c21e6", "suspect_to": "0x1d9fe829d93661c6c4e4ac31c3c4340a769f3cfc"}
{"type": "eth", "txhash": "0xdb98c8fc2853c6d58aa5d74fbe8912683221f0b902de3854b9a5d95eeceb6396", "time": "2018-01-13 05:33:54+08:00", "suspect_from": "0x32b8d3087fbf2b7c5ae0469f0bf28c07b80c21e6", "suspect_to": "0xc73ce325449cbc4796a92a6b16cae81e476fc6aa"}
{"type": "eth", "txhash": "0xeb93c322de151e9a624413c329eac89c559341c05dd33bf3f2c1c089c2f24979", "time": "2018-01-13 05:34:26+08:00", "suspect_from": "0x92070147107bb7b12e24ffc28a26c72de575abf1", "suspect_to": "0x6f84c34514b327ea7e51bad71462d80efbe0cacd"}
{"type": "eth", "txhash": "0x7210ca35aff997a6c3a22d6f3201db59a706a03ae1373bf7021e1e61a595e333", "time": "2018-01-13 05:39:28+08:00", "suspect_from": "0x6f84c34514b327ea7e51bad71462d80efbe0cacd", "suspect_to": "0x96fc4553a00c117c5b0bed950dd625d1c16dc894"}
{"type": "eth", "txhash": "0x4ed449a20593cc56448523f6c64ad471eafd5d06e608b9f607c857cc6a09492b", "time": "2018-01-13 05:40:09+08:00", "suspect_from": "0xaeec6f5aca72f3a005af1b3420ab8c8c7009bac8", "suspect_to": "0xacbd1ee8ebdf1f1b6f24271b2c42f71f9438f769"}
{"type": "eth", "txhash": "0x8a025cd599ebfb4fd51a941e540d83830b410ee892204dc477472f73e8f693fb", "time": "2018-01-13 05:41:14+08:00", "suspect_from": "0x38e3edb4da07f21cf4a1a98d4528abb8ad3d3d1d", "suspect_to": "0xeaa40b79cd02644f3a36364473178172d4d1eae1"}
{"type": "eth", "txhash": "0x5c41c17f20eb6a7902ad6a9ea03d1e539af390de8e8c25d05877365712ce1ad1", "time": "2018-01-13 05:41:22+08:00", "suspect_from": "0x05ee546c1a62f90d7acbffd6d846c9c54c7cf94c", "suspect_to": "0x64800d8318f1cc5131371cecc117b742deb7a8f7"}
{"type": "eth", "txhash": "0xc2547d625cb58b278687d1898a06912086173a1dbfe555877750c7b73303905c", "time": "2018-01-13 05:42:17+08:00", "suspect_from": "0xc49b40f669496a09e36030680cb9fbb6808ecafb", "suspect_to": "0xb530aad69bc5e51a75e5ba395ea528cf982f826f"}
{"type": "eth", "txhash": "0x81883dc745364a1dae1c60cd33e3319b1abc7f55f5345619680c019206e1b056", "time": "2018-01-13 05:44:18+08:00", "suspect_from": "0xc9bd1d3b67232f624758570457e809b4d739db6c", "suspect_to": "0x2e8c17fcaeeb0bcb516f3262ef4f32cb248558e6"}
{"type": "eth", "txhash": "0x158cf5e4487e4a97a3d774db387d219d5eda00e08113a412c3cf09d5f5826b71", "time": "2018-01-13 05:47:57+08:00", "suspect_from": "0xfbb1b73c4f0bda4f67dca266ce6ef42f520fbb98", "suspect_to": "0xdb09e332675e441f214bc510d2da2b8626c5a23d"}
{"type": "eth", "txhash": "0x320d470abc29e42e2677e0c7781d901b171c72eb65124417f40d6facab288ff2", "time": "2018-01-13 05:49:19+08:00", "suspect_from": "0xe4e121ce1295d781dcdde80e6b28521ef703f64f", "suspect_to": "0x2b5634c42055806a59e9107ed44d43c426e58258"}
{"type": "eth", "txhash": "0xa5c4a0736ace0dd6870a97611746b5332c89935ec4bf5194930dba634676b6a9", "time": "2018-01-13 05:57:28+08:00", "suspect_from": "0xfbb1b73c4f0bda4f67dca266ce6ef42f520fbb98", "suspect_to": "0x79d934998a6128420b3c06b8a163b8c1ce738371"}
{"type": "eth", "txhash": "0xc21865e8a64d2013424ef6d7bfdcf5ad03a2b6f0a4c3a9b6f1fd0cac49869145", "time": "2018-01-13 06:03:59+08:00", "suspect_from": "0x8bcc28966414e342d0f209ab5ac19c10b76de4f1", "suspect_to": "0x33e1d0fd4605a77714ef6ef62622b2fae8f75544"}
{"type": "eth", "txhash": "0x961b9e160e82bdd1b30064ed4f62ba415fc119f15f6b60a3eb0b38b523403cd7", "time": "2018-01-13 06:05:00+08:00", "suspect_from": "0x6613a8ada5da1aea53221b630bb8cb60b9681089", "suspect_to": "0x6ea5129ffdeaf9d695103c92a4116f4a869cc4ca"}
{"type": "eth", "txhash": "0x494e599785592de159e8e173731952fc9126c46d1b95ea28d16e0774b7582203", "time": "2018-01-13 06:09:27+08:00", "suspect_from": "0xe3d24c5518fe23dc12485fa5a9ecee421cb02fb2", "suspect_to": "0xf08ab43e22f2b37630198a94f129a52ac3e72171"}
{"type": "eth", "txhash": "0x17fabcaf23241b119652f511e2f0225a790f2e6dea28a67ecaaa4578050c8ecb", "time": "2018-01-13 06:11:17+08:00", "suspect_from": "0x02b81263f195ec595a47838392b6dd5cad46dc7d", "suspect_to": "0xed361d162f6dac61f14f01cbc81acf0b9b8022c7"}
{"type": "eth", "txhash": "0x69bd81ca329eb3a611741539be13da9358fcb34601609fb020c1229c9fa9f12a", "time": "2018-01-13 06:11:38+08:00", "suspect_from": "0xc0fc101854d1d69ed4db2fc5c30959041657a922", "suspect_to": "0x81132261868e3a3ce4cc2c7d747f430a6aae3a70"}
{"type": "eth", "txhash": "0x961eefe1d99db731deb66c01d114c1f1fdf9b97f965f3dd200748352d9cca805", "time": "2018-01-13 06:11:38+08:00", "suspect_from": "0x43e69bddeb6a21544add6c7b42c0d177722fe17a", "suspect_to": "0x2de640ce7acc77589dbd715bcad25cc40bdeb67d"}
{"type": "eth", "txhash": "0xd2fa0ab88e46e80aab53661697df360a18c013b21a29a39804e4180a495ed442", "time": "2018-01-13 06:12:57+08:00", "suspect_from": "0xfdd0941463b8e03c7752d4487a2df5aed7af6391", "suspect_to": "0xb297673f4ba4ac521378223ec56c4264207a87d0"}
{"type": "eth", "txhash": "0x0257e7389d280110c4f96253b26966de890fa17d4e06e9c11d3e70b973f7f02e", "time": "2018-01-13 06:14:12+08:00", "suspect_from": "0x797a529f9245a331a277ad2e478edfe25f4b7fc7", "suspect_to": "0x3f5ce5fbfe3e9af3971dd833d26ba9b5c936f0be"}
{"type": "eth", "txhash": "0x9b80454214976e5778d129424cdc1edb3bc124079478bb95b913e4cbd03c2302", "time": "2018-01-13 06:14:21+08:00", "suspect_from": "0x6882604c0ca9f645d0b12e7c34b6b28c6acd0677", "suspect_to": "0xaa35737862b6fb1c559a77483291c0c68ba12822"}
{"type": "eth", "txhash": "0xfae543e74a97e691e0bfc4dac89b6bd561690a388fbdb920323937d50aa905b3", "time": "2018-01-13 06:14:40+08:00", "suspect_from": "0x564286362092d8e7936f0549571a803b203aaced", "suspect_to": "0x8012819865bd66b955b675e2cb3883e86f8e4735"}
{"type": "eth", "txhash": "0xdbcf7033633eb38887a67f87fe23f6d9a84f7db41c58052c1b10b07aa17659db", "time": "2018-01-13 06:19:30+08:00", "suspect_from": "0xf6eb2afac44f65a4f3b9367a0ef2f60e48a16b72", "suspect_to": "0x6793fb1a6edc35e1f418f827c4028153f45e5d88"}
